지역중분류명,sum_vlm_10,sum_vlm_20_24,sum_vlm_25_29,sum_vlm_30_34,sum_vlm_35_39,sum_vlm_40_44,sum_vlm_45_49,sum_vlm_50_54,sum_vlm_55_59,sum_vlm_60_64,sum_vlm_65_69,sum_vlm_70,sum_vlm_x,sum_usec_10,sum_usec_20_24,sum_usec_25_29,sum_usec_30_34,sum_usec_35_39,sum_usec_40_44,sum_usec_45_49,sum_usec_50_54,sum_usec_55_59,sum_usec_60_64,sum_usec_65_69,sum_usec_70,sum_usec_x
1111,515478315,6537754701,11564816886,9648712877,7954937550,9009950976,9176065107,10330340090,7466881152,5902778853,3638630684,4061814268,18890435595,63305,708250,1223300,952478,748192,761998,705556,768223,530102,398571,238492,229457,615881
1114,360332510,25051595483,86233431333,1.19E+11,1.49E+11,1.87E+11,1.66E+11,1.49E+11,93117268153,65604122993,38236263866,38030478058,1.21E+11,39349,663471,1773409,2144183,2580613,3377211,3182039,2884627,1828650,1374149,931655,1139298,1614335
1117,239051882,20489952269,70496123958,84285272780,88160560237,1.05E+11,1.00E+11,97436040202,61538079791,41296688719,23250486912,21150366228,82681803210,49259,641116,1654645,1826223,1878730,2312022,2227759,2127105,1389723,1037288,651296,674192,964011
1120,234407419,4937080021,11925365876,13285506262,12891993032,15517728736,13772842561,15855390555,13102260205,10855046845,6506384095,7113152394,25841516127,46944,532441,1106435,980154,791681,806148,730931,829261,664479,545655,303586,297087,703428
1121,394640130,7480904302,13489551763,11539700836,9189138572,9847497048,10439116024,13190367889,10921123036,8914534054,5469385090,5985658788,10473194998,85709,886026,1441458,1108812,823170,827541,821571,957054,750084,588812,359206,332176,463464
1123,314012005,6120604172,11132648472,9026749393,9088722180,10781937064,11027627536,13619394596,10963467978,10051719965,6698065804,7191038615,12178265537,79044,872163,1442140,966154,820182,879542,845641,976546,753986,645933,415675,405357,537442
1126,335454713,3672643045,8085969427,8044670110,7592603426,8975851068,9323285076,11768332766,10637515907,9280561720,5743254610,5216627472,6767465373,72215,493329,944252,837423,722327,785561,744392,896563,755915,622097,382786,325429,347746
1129,346940088,5546745793,9561013456,7946589447,7728968515,9682460556,10767022961,13311845089,10268342624,9017121961,6232155882,7170683692,8876437098,75957,764182,1149993,799214,664771,741966,781959,920357,669807,565909,365130,393168,406409
1130,270482490,4049220074,7511653452,6582515414,6037698298,7639803352,8489449276,10633404472,8812522813,8069424481,5399410359,6276118010,5350299716,58288,496135,816864,642816,544289,630719,659974,775343,623930,528157,345817,383388,267670
1132,184828550,2161479582,4187631682,4349308737,4556568766,6097893129,6668990166,8106399982,6948966534,6443961403,4361766769,4420541200,4677394995,48434,329014,529604,466739,440419,532806,541891,621174,491509,416315,280184,264276,219317
1135,611505729,7292699151,11498192714,11580183201,13178829893,18652636224,21610450884,24366833192,17740775875,14997988003,9267308875,9588029264,15981134301,142442,962556,1220859,915237,867427,1092984,1219764,1345867,965889,790033,502240,491915,507201
1138,417976525,4334016973,8997059383,9073453699,9343956290,11664690425,12542117601,15007117966,12153672907,11145950852,7479442028,8632670908,9046301211,103352,564081,989215,891604,796040,928496,952836,1085265,827996,728892,473823,503052,412804
1141,396705146,7708523891,15289765839,11396231764,8917552475,9607637720,10220298065,13458161904,10572480936,9290798230,6214544166,8020111004,12682115690,88651,874417,1484136,933057,680962,687083,714801,863233,675704,558094,366905,404869,423295
1144,519092471,12183827028,24858074556,20775537803,15676739561,15497311263,14204817315,15460643109,11485353163,9070234845,5666788526,6473369585,23389126821,100216,1174305,2274023,1713876,1214071,1132071,1043484,1080997,754880,575369,348290,349028,934371
1147,556515549,4403367679,9083196553,10837361311,12008839282,15661028954,17716335827,20860514695,16543175164,14695186853,9765738421,9755159048,20923598658,142585,559360,845849,785663,768755,981421,1080705,1193617,894135,763908,510821,488613,563004
1150,563065870,6684064754,15966132534,18456131770,18419961101,22194805657,21577952641,22376036298,16804964686,15549013635,10192773005,9424868935,20694253458,126381,840647,1687289,1678219,1459122,1585727,1460160,1444707,1063284,941186,612757,547523,882485
1153,415519837,4471105389,10023150022,11868935631,12351157092,14247079000,15208375519,17918707654,15477784077,13476803872,8559926619,8467941798,17095036828,98138,605086,1157937,1162627,1089790,1142761,1113575,1202131,963238,800714,512098,480442,719157
1154,280215380,4448591335,13696005078,18629173119,18480669179,19926832280,19330123486,22731065833,18126925282,14558430568,8198836913,6994144984,23170388336,49787,493558,1256008,1344675,1163730,1101894,993094,1065809,837607,629677,342895,288089,783367
1156,543550069,10759588443,32362176593,39617671570,32433628683,27579753861,23065166849,26398911577,20805796100,16734182497,10157098234,10049706010,44029344632,98783,854298,1949309,2007617,1623447,1490590,1315723,1431981,1107325,873899,535130,483747,1122430
1159,257332672,4816185648,10947023440,9413202726,7924188719,8223664447,8257955996,10379296126,8484678500,7610948529,4990291868,5773898066,8447827109,67036,738745,1483161,1074164,772709,744899,690055,810950,644044,542215,335296,357158,360092
1162,502549828,9450240885,23920150831,20567858974,14209003170,14105719497,13686172828,15918909999,13437632657,11419980193,7642152211,8674195091,11807221173,94025,1208349,2788783,2164441,1348077,1231361,1117887,1253291,1006596,811683,524875,557007,552912
1165,422446823,7478457808,18307143062,21507011581,19176598170,19873098408,19006413983,20145268802,14552638354,11773231761,8735268823,10664807285,39487146909,100837,834289,1589872,1525830,1230050,1232517,1171235,1184271,788824,588507,406215,412695,1109315
1168,1171149269,15759919357,40569175997,50195177537,45151818281,47012447654,43639567057,45555936671,32565420572,23951203782,16177709619,19317504224,1.11E+11,245191,1483067,2989339,2966705,2319431,2277295,2083057,2033125,1278097,922749,606005,643087,2285115
1171,936532259,13121734455,32700844934,39563451340,36956553921,37197604961,32499522445,34950334590,27551455526,24395877126,16450789568,17579607755,49835895853,178572,1187529,2168866,2153834,1888049,1941096,1748076,1815603,1382516,1177968,798408,791633,1319005
1174,470020039,4812943681,9342855992,10586992440,9864327024,12050398562,12464614450,14317252215,12167474764,10868419932,7183744045,6880283680,13235595088,112381,615486,1023595,1015616,892999,1001679,958711,1057932,838179,720942,475322,436491,518748
2611,201441640,2907412033,6318539813,6498712561,5520987800,6171196887,5991799580,7276897959,5805350910,5361815938,3401899184,3128857004,10592122703,25699,221147,357423,285454,233129,259195,244952,289912,214556,193038,123297,105394,195776
2614,109263994,887564670,1542460300,1415578846,1367510024,1961479948,2046699438,2438866525,2053850537,1944411002,1421708887,1326109466,1982390151,27299,144047,217008,172881,146075,197168,197179,218010,169487,145765,96328,87491,113504
2617,84319940,685154690,1623113970,1582518841,1512974988,1974562085,2147208047,2727933805,2211351442,2022861638,1338636719,1161680426,2775696920,19737,109421,224739,197636,171305,199536,193112,228151,170324,147383,91712,76255,127375
2620,98532430,900390266,1225672160,1250890276,1366321770,2076597810,2390225908,3052088430,2630979787,2640824843,1747130699,1685648512,2578236983,21037,142818,162085,136695,134580,178797,193538,228718,177802,165101,107611,96539,121027
2623,915994908,12849759806,25879640793,23396771605,17411364990,18019830208,17817714097,20824787323,16937290675,15605470279,9655582646,9084352113,26208431851,164479,1255301,1843110,1278620,918284,975973,956697,1081676,839253,704178,425309,366183,613853
2626,463872341,2957554141,5477347564,5321419104,5254226657,7325771659,7932069371,9396593105,7681901371,6958891251,4647639202,4417943873,10284572477,113711,438272,652438,510019,431368,563572,595461,665906,520866,447459,288956,261526,374939
2629,435677541,5395920119,6899900752,4783383777,4791216639,6554496725,7369867775,8754369170,6623777038,6091973216,4080924277,3952677805,9762872258,106486,794056,890109,480621,397563,514324,551909,620344,443548,382312,250523,230644,325740
2632,367795185,2986138145,4942296922,4606499694,4305734820,5911576495,6485941651,8242063503,7666568537,6990109358,4059677354,3193176518,6690629014,86651,452806,599284,471223,380158,475955,485829,565923,478942,409454,231586,171303,254101
2635,895817610,8677929898,21648720217,27664245360,24056208371,25348310332,22821526421,24763342655,18314036876,15652822733,10646729015,9369712385,38147180580,164224,794195,1174986,980257,838765,996242,991553,1093944,786838,643124,412231,358278,739162
2638,407493603,3806506259,6404641609,5850865326,6097375099,8144759015,8465870963,9834540552,8522460451,7679719103,4743722571,3655561583,10413123141,93232,550518,766938,571698,527462,649941,644509,709382,568625,468275,287135,208951,359100
2641,354909160,4330018228,6132998763,4582605159,4355687574,6483535282,6916269146,8515898601,7354984669,6289525307,3889054255,3353986510,7632586935,78819,655647,790884,447696,360357,471415,487329,571938,465129,373441,224910,185141,311373
2644,116685950,1468259565,4175687808,7020755255,9622283944,12227011327,9054497049,8106427637,5837018148,5416359251,2885549776,1857357852,15224344046,24770,169888,363250,512540,599607,712390,515889,440529,306045,250457,136165,82523,538139
2647,269247190,2323707080,4512293784,4734842413,5117271719,6836640475,7009016953,8048163469,6627815301,6012145160,3885806472,3274673563,8617193688,62594,339716,520608,422771,384137,467862,460226,509382,402437,343062,219392,181593,283901
2650,277405787,2785563318,5379836656,4817553563,3954194847,4852289870,5075933040,5952074886,5025703902,4549150446,3400799791,3504067024,6052093111,63761,382651,641913,500199,362782,414905,416700,460607,363247,332515,241937,235718,284482
2653,303526292,3629944287,6568667964,6783001666,6775477494,8544463312,9063409351,12229824711,11319959499,9881808119,5436960773,3952673162,14238351890,63054,516376,700198,556376,476509,551137,561278,676298,582554,470685,258236,184536,408301
2671,255990419,1507048655,2866670059,3694652600,4715243357,7241238211,6556732846,6062947385,4096903699,3360464778,2178134377,2053687042,6678899700,56344,203123,304149,319602,367897,518983,456970,408515,275507,213836,136301,118797,276251
2711,478599913,7177502418,13238068362,10388453012,7390955740,8237040682,8587220811,10908402204,8294031675,7136975980,4833780272,5312926820,10627104350,73158,563583,832027,493703,324657,324814,326560,358431,258049,190450,118091,122327,243155
2714,468099266,4219439619,10124470774,12080473599,11566658068,13519257742,13170957864,15675655790,13419892449,10869026915,6281378513,5637090538,17977524614,103843,503965,854749,777254,695115,823130,794320,900381,715829,569068,329434,296661,520234
2717,218555860,1645211690,3378204310,3652525707,3483532532,4406455505,5456915166,7408176031,6845030843,5752110190,3071520984,2280596655,6038559119,49465,232810,409134,365094,314549,357551,412176,513623,432218,348412,181680,131546,223074
2720,272837965,2144468131,3671121099,3023071044,2898981733,3508863263,3669586149,4250009143,3545516688,3018127714,1988762374,2033903124,4454241327,74581,364363,523357,359434,298520,326234,328668,378239,292207,235791,143870,138504,185700
2723,829236248,7639052628,11274856313,10628950142,10940082103,14290265003,17874729739,21264000283,16738784842,12686106994,6450852931,5470437638,24729281522,202841,1187229,1387815,984642,846441,1016852,1172600,1306001,948731,679348,338330,285262,768204
2726,1022970754,5123152228,8125421015,7521893016,7764434281,11712788169,14241716406,17113639472,13510656380,10273479331,6025119326,6382925775,21815445638,255639,745174,957893,723393,629550,838221,988539,1111132,797934,577540,343878,338723,700743
2729,1225858139,10075262136,15754525508,15296523673,15303508229,19538003332,22498567721,26448067706,21835680046,17412248889,9126974063,6803726164,32243075114,287386,1396127,1827531,1424744,1206382,1396632,1487186,1625788,1265005,955900,487746,370988,997252
2771,274570895,2181437404,5035145960,6710974998,8554260860,10245247533,9226905869,9212413915,7354230102,5884048717,2978643153,2139027091,10574533951,64384,317446,560942,605273,676080,754725,653644,626618,465928,346962,172785,122032,432812
2811,291345100,2343579690,4662689366,4980838572,4690899848,5967757957,5548491038,5667484279,3913687604,3266784236,1902662561,1940253479,6963679636,74165,295841,524907,483189,402934,470043,423307,418781,275543,206139,121655,110222,294670
2814,27083800,263028801,466245281,577137960,786865760,1151260750,1249001855,1422546672,1257580512,1253710334,840978225,785852447,1875221816,6823,39957,57856,60215,65878,87978,87831,94414,73672,67012,43449,42676,76520
2817,295343148,4344705963,8430976716,8496915668,8636444602,10849173520,10355095941,11722512396,9359908230,8076125217,4820607669,4563503262,8575767863,61178,607724,974127,838164,759416,872483,790715,847118,639673,527955,310236,272639,386560
2818,295982554,4471148869,9796423842,11894491925,12529052059,15180227350,14133738373,14150995067,10226509889,7979844598,3936120985,3241850608,22473606444,60957,489800,828113,802641,764179,839358,763475,722274,494607,376315,188048,154428,613051
2820,388531147,5293017378,11649800923,11873952909,11927737143,15864668317,15765503148,17274193840,14416958950,12111547086,6879856529,5937468822,18606949286,75359,614842,1170142,1059095,943464,1141099,1065114,1092097,864681,713032,393183,324758,718321
2823,530719675,6026063408,12089443130,12061431682,11423786502,13712339856,14219230003,16914970244,14757117754,12505940805,6907592692,6193765085,13870616551,112141,726162,1213622,1043838,907437,1009825,968480,1069781,876566,705517,383434,329567,560640
2824,299494430,2705208903,5619168495,5922041099,6175394024,8366907986,9586751912,12329988802,10877537062,9165973292,4626078980,3864909942,11431914028,65363,370466,608855,533002,482259,582115,615474,732771,612628,504299,251129,204090,418299
2826,396168038,4746827456,11126711357,13201874866,15302034339,19657266306,20272462820,20982518009,16466366822,12891548143,6518452172,5383176417,30440429690,79470,561864,1065174,1061858,1044959,1221169,1173509,1195450,882758,659144,336557,266331,1026360
2871,34829730,703326499,1044517210,1116445731,1325785851,1890985023,1978199447,2301863695,2154730654,2073871725,1316758321,1172647439,2810270803,7158,67924,79451,82696,88953,115107,112167,125322,111500,91516,57075,45112,96255
2872,11033770,1142313860,380564107,380860014,409537070,580285790,612429340,570203403,539206290,500149088,254150800,155854340,1423572792,1904,81595,29728,28066,27050,36761,34730,31518,29886,24642,11556,8023,35586
2911,188276245,4367047608,5747562527,4285474294,4068928195,4782898409,4926608718,5461282656,4400775978,3577668704,2164788114,2258949060,5765931896,33987,474146,556012,354711,303340,328004,323607,342722,265467,204760,120219,120430,167336
2914,341383911,5213748588,11417345359,11238645284,12371208216,17919451292,19754304277,21620023846,16249416975,11627858749,5879623811,4890731390,26658604875,67115,621625,1080416,837259,757699,962467,994629,1021348,715715,504526,265499,228952,525517
2915,227216847,2414148420,4254245206,4412243816,5852377074,8766343771,9601196889,9816066261,7482983754,5921770574,3291993786,3077497756,8639986975,49034,338342,466052,361840,409624,549678,577184,567431,400826,316381,180416,167391,236250
2917,466208051,6372122320,12106965868,11782488855,13846964093,18590978844,19401046890,20860365385,16359782507,12659286129,6163073567,5480168932,18588464559,103645,928877,1448078,1078468,1051352,1262448,1225184,1249874,936879,685163,342984,300853,549625
2920,403956024,6859850387,14040473186,14938818740,17734870832,25466660849,26429706009,25483892852,16627863746,10112333802,4375600514,2870567015,23826516573,79922,849861,1354299,1169238,1180943,1523305,1498830,1383384,860475,504554,221953,148657,698675
3011,127145290,2884942631,3332763378,2747179246,2992168424,3903105547,4327296240,5086099673,3907245229,3418006640,2134336414,2286298729,3943556992,25297,428453,401194,256315,238530,288654,314447,345356,248291,211176,125527,132722,122313
3014,193057049,2502810331,4350949198,3792678202,3815272264,5403229263,5922682900,6343308128,4961192008,4052039615,2480841015,2540617468,5170399329,37499,280810,413649,298742,266681,328705,347214,372331,281802,222271,139114,139459,146742
3017,253042912,5480646433,11986243404,13199227782,10323378918,11044430105,10751953973,11626079656,8070485519,6118806631,3177300567,2730005232,10428337674,55688,670518,1026196,762614,595537,666266,666105,679704,460000,341704,183731,161374,319399
3020,194801290,4380085556,9760391504,10541743758,10141539866,11287943224,10288191862,10838027714,7876120090,6014797248,3029276436,2387240536,15421564933,39912,530562,841164,682219,574672,604092,547336,552649,375643,281354,147742,109366,392049
3023,68822600,1114063407,2117765315,2260894791,2406858132,3249581770,3595525966,4421987693,3271692259,2450079413,1287393451,1037495304,4098273708,15601,162302,250998,222314,210395,257389,270983,302519,208303,151864,75989,61405,148848
3111,121075820,1337851868,2689003581,3030633006,3373201597,5194215838,5374057191,6177572117,4952460823,4181771372,2164701993,1541566516,4079671332,24879,187419,311892,298625,301283,407002,409564,445548,348660,275926,148113,101359,169063
3114,294865020,4865127939,9778567105,11057139304,10833982761,14077800509,14474075165,17901950703,14426961715,11379708207,5782870802,3951731308,22929158554,58787,612906,941684,848734,735128,878640,852713,988982,748481,578977,299627,203836,524497
3117,136437430,1121766032,2149217062,2694084335,4143042240,6183223653,5957796512,5804000724,4686026056,4083601247,2165208283,1332551159,2805693961,31312,153641,245615,269480,375642,510094,466796,425031,330211,282869,150996,88849,110001
3120,85793907,1462915166,3344614888,4641578775,5947269280,8725352042,8082663831,8070594407,6379428151,4375283478,1745160101,1188922208,6224970623,19879,209401,364847,388396,423703,557778,479092,448531,348205,227641,88995,58814,207241
3171,52852000,1786978536,3889302940,4108013940,5149890855,7129415773,7740193688,8773643578,6618441839,4553295322,2478220984,1488717406,9266729431,12861,274287,491661,404395,416511,524107,526012,550147,390861,264313,135740,77349,338766
3611,185074307,2300879947,3854662701,4634668008,5888268431,7741912077,7430449571,6637690322,4213513320,3239819995,1674488004,1268850387,6041016529,44227,324231,418665,416768,452272,555500,523410,466396,284637,197290,105076,76293,258442
4111,1411664404,21921118365,50759720925,60608948469,55431243869,61583923650,59864347012,65430814098,50356696942,38332324903,19602371902,18244466047,56366832606,278198,2169835,3757883,3272486,2872241,3128495,2995492,3111813,2316334,1727961,917578,829735,1564115
4113,1062168907,41276158674,1.36E+11,1.66E+11,1.69E+11,2.00E+11,2.10E+11,2.45E+11,1.78E+11,1.26E+11,67458079958,59349551111,2.21E+11,223103,1759148,3616822,3944434,3988201,4897098,5176760,5781125,4119766,3136510,1811863,1692901,2599564
4115,319292070,5083371463,10161954653,10562508640,11609000736,15116369205,16415008259,18659486951,15634062407,12860167569,7254929390,7746742977,14704054569,69695,629554,999582,850856,816169,973110,1009362,1108657,879108,698085,391572,395093,460917
4117,491284628,6222623539,11237143771,12502237223,12656918617,15491565653,17856875126,20934569259,17491524917,15413209223,8584509090,7337180000,23441998369,110589,813482,1207515,1161087,1037429,1142076,1194652,1325244,1039412,880580,498990,411954,866365
4119,477587911,6754963088,14189179143,16006458123,17786437389,20333041537,19491252326,21864133627,18491891062,15474032507,8303405278,6371060000,24703661670,107727,861550,1456895,1375566,1298804,1383763,1275001,1394757,1113105,897342,483990,362398,896536
4121,361032885,3150650810,5960779850,7857845564,7170577426,9535409195,10430267796,11488768194,9383897596,7803331352,4732283116,4239810339,10035438127,86234,413472,560689,509304,494687,620331,665201,694592,541338,436826,264126,232385,402421
4122,377677221,7468888447,18073747746,21840786307,23638633479,29000925374,27320277718,27105172860,19930595515,13571821583,6486815920,4932181539,27159354905,74088,892100,1844154,1883239,1777517,2011592,1786222,1703471,1163984,736311,350268,252758,1001801
4125,54294270,1009644209,1565687877,1710860884,1932242166,2709109843,2812144782,3384888692,2479602934,2074253228,1243823227,1147867091,2867203448,11323,121954,154234,145021,143904,182123,185190,212407,148023,118002,69904,64164,91644
4127,971051352,12227132319,26372916645,30232208467,31722002641,39139329515,42186401978,48576490082,39854874260,28534455146,12925596573,9701385216,46364651272,183660,1435087,2418295,2269395,2109706,2367926,2369662,2562306,1983143,1370116,619905,464160,1385670
4128,897446441,12295372076,27811198650,33011003862,36751014518,46052705044,46944830963,55062564770,42211688383,32993608150,19057910561,20718190286,70505748351,182304,1318609,2273839,2127130,2052490,2394891,2361119,2678991,1972805,1498457,846710,847812,1808526
4129,28764260,354803968,696501254,920561441,1389703698,1601295471,1705924799,2149744602,1771584056,1489894833,962835106,972272687,2502540508,6647,50291,77024,79542,101699,113392,106829,119110,93061,79652,49124,46248,77923
4131,122974630,1961790774,4183668668,4413434720,5465560824,7682034369,8272666226,9307950290,7736864934,6679818005,3808181256,3551639455,9974020176,29500,245769,414720,352594,360989,459469,467010,511027,398253,336725,182375,168792,276238
4136,466504521,5878848528,12424036517,15971040459,20898052390,31161619770,31358890952,32917414945,24889356796,19420312538,12396806299,12292108839,43334864950,98699,671692,1003558,995594,1139784,1627560,1566028,1554692,1124832,832947,526515,510997,1062104
4137,178740990,2877708990,6941682118,9647347615,11137664109,12965623099,11352740889,10746196948,7509734984,5645372701,2742844334,2286917345,11213516546,38685,365155,705809,823683,818753,832510,672206,603409,398928,278585,138345,109297,356916
4139,476803971,7510358607,17811964525,24156786148,28404112455,34075950626,31564042682,34703698410,25330422177,18038507811,8517452296,6358669191,41294818295,93110,865400,1537616,1700225,1804960,2001469,1777854,1829127,1290447,876400,411003,300597,1316704
4141,177866140,2820053737,5502885378,6799326140,7428123072,9055226995,9493333430,11054844560,8965181449,7403171199,4083240205,3657084689,12201578070,40152,362628,569542,578809,566764,591114,577170,640149,483843,385946,218359,183357,389650
4143,54421580,1039220898,1984202079,2568382027,2902937521,3536853904,3710940491,4314851072,3639271243,2971618787,1779553715,1780532716,4910812391,13584,149738,240964,251805,248077,276964,272772,303715,243786,194313,115753,109532,220119
4145,263925555,4246997343,12787246407,18766599850,21534233320,24911882944,20106787381,18937673026,14538916476,12306680756,7745433570,6789737035,26577334563,43778,348777,707425,822359,904451,1009103,809763,760126,557230,465459,301246,250564,743022
4146,859952831,10937218014,18991114470,21302231699,26999376581,38941397762,40841951608,44205249915,31876474456,24775215826,15897261328,21197075468,1.03E+11,209918,1410053,1949078,1682318,1746738,2199061,2189083,2168506,1430156,1016524,639409,773801,1570682
4148,365600350,5185299627,10252288214,12022419299,14585194883,20244416158,20588981925,23835744191,17895577538,14047496204,7779791224,7428382316,55467174826,81471,601994,920278,916692,929863,1175136,1102006,1161876,805298,603367,333405,307070,955909
4150,115425830,2696400344,6379908396,7952923599,8930221241,11037061582,10596203559,10954231656,8981361538,7260603293,4026461935,3174911748,29650692416,23451,321020,607637,606926,590167,651274,576886,546615,379638,272054,135553,98234,434375
4155,142115880,4208116614,9391078855,12432624398,14620269507,16825872618,14762706497,14566007543,10603633691,8023598000,3996181437,3090140815,34998298631,21735,406151,644169,662419,708377,741842,617226,562341,370936,267435,126189,92623,489225
4157,341260522,6175712190,10823921816,15053890649,19425057451,25713654376,22994288513,21923028469,17628286073,15035064445,9323623195,9289104341,34431910306,76380,626025,916689,1043742,1197661,1447782,1241297,1104869,843121,667268,397408,376952,1132037
4159,641171481,9299192680,25285689496,33509937619,37383902880,45381919544,40546727070,38718098616,27506736960,20649243340,10291753277,8201460179,63637384593,142567,1077385,2280730,2608203,2574364,2887933,2445166,2210228,1461044,1014250,503922,384082,2270427
4161,190816490,3350023604,7891501899,10017582014,12590964981,17253103763,17227240214,18629985582,14942296170,12910661217,7450824196,7098883689,41348417880,39719,377953,678714,735414,824914,1000604,933453,926735,679946,552685,303811,268169,907850
4163,119288405,2179832659,4470341675,6113436700,7708449640,10366799442,10659415473,11229939484,8490023572,6724962258,3796514875,3294078156,12430061289,24819,235048,346519,383652,431177,544852,544249,562656,410341,299362,167020,145205,387210
4165,98646410,1843503149,3867592539,4359617037,4186187047,5162738281,5475638069,6673311380,5615798191,4810166291,2432259388,1707208811,9592149384,22158,200918,316814,310876,295107,343572,345409,393384,300620,231800,117657,76140,320538
4167,39176430,910907482,1965129353,2665452201,3399667221,4428763021,5062260394,6235388511,5165413923,4491706218,3096032667,2816342306,25881153601,7296,98034,162194,184271,206387,240896,240933,250647,192581,148793,81746,64812,288444
4180,8959970,449216390,507083701,417513011,402131589,607602916,631147360,768376590,628301587,545470242,303915023,248641706,913406670,2162,34224,45614,36140,35208,47140,48615,54968,43169,34884,18499,14094,37715
4182,37378050,1338027721,2066569743,1967942707,2283912419,3177093248,2872384429,3598266316,3204266086,2774876101,1761612779,1483385289,13438893549,4650,94272,152151,145685,152908,184232,164563,189347,151316,118274,69402,56141,178112
4183,21209710,496983110,951160459,1121100155,1401137820,2237701352,2597202125,3002288525,2680321473,2703084518,1841129476,1751843408,3923628834,3868,55941,92480,100185,108316,153986,169390,187848,150198,135741,86281,73391,130065
4211,113600303,4306189423,6894666834,6127760736,7205859214,10294502164,11514092246,14016377453,11262445666,8868670593,5190140298,4396644797,39565202837,22117,554789,677404,435630,412089,503107,505613,564300,423430,320019,184678,153746,341918
4213,156417658,3896410921,7417312637,7569053499,8552809235,11418203496,11817797948,12938208615,9956424300,7710624138,4286797642,3237472233,10835314702,29697,511295,737166,610919,593728,728161,715481,747387,531925,391399,206153,151080,339642
4215,122242360,3573220192,5588738338,4987685663,5287668101,7074385398,7958928928,8941750350,6804251426,5652478998,3283101502,2489786941,8180988667,23592,402811,491695,355408,335446,411139,430284,440247,304325,235985,124544,93519,208338
4217,68523705,1171191344,1454296418,1522797976,1966870037,2985984833,3457914629,3945291770,3031503744,2707072407,1515745119,1109404611,4397320014,13012,144776,142720,126428,141776,187485,204394,213624,147157,119056,67207,44455,104268
4219,13936158,192460360,261967724,240542466,381011710,595598694,743530880,955541944,704931189,615099414,371670884,249234104,1122706244,2472,20894,23935,19640,26495,38488,44330,50048,31767,24481,12572,8087,23077
4221,70774560,1286416247,2413711625,2522842743,2862767265,3736034744,3837501616,4672888145,3753405975,3390168265,1958132894,1387822234,4123119947,13385,142445,219155,196184,201606,249853,238979,267953,195979,164472,89770,61176,131330
4223,23377130,520810300,708235115,694139711,952183267,1425709251,1755965864,2150590103,1660427296,1291284446,624396950,495084180,2215938887,4871,67465,77823,61555,73602,101477,112740,119620,85639,60716,29660,19158,52280
4272,23527060,703275632,989107128,1245304083,1984937820,3042052630,3330163610,4028993908,3137285490,2697615707,1472792115,1039724149,16939988262,4927,66534,84075,83287,113708,146094,127990,116591,89175,77627,41349,27850,122454
4273,14703100,283032688,476764653,614568017,933134364,1420856851,1668182751,2282022138,1843568956,1691884060,938594550,767360019,6550615970,2605,34493,39550,40406,47508,61861,64683,73664,50519,43236,25328,17691,59310
4275,11075620,131297120,193006730,191455195,285437390,425942350,435608540,616706672,507603768,422596828,236436415,180037900,943373074,1953,15809,18402,16132,21088,29207,27234,35502,28636,20800,11917,7998,21228
4276,18919600,305240697,573310620,624712200,825047113,1255097799,1188268470,1166852133,821903702,707342190,353348855,354204470,1599432310,3796,36960,56308,54378,65226,90350,80917,73594,50000,37909,19865,15441,53112
4277,14299590,115773450,236824330,333534690,436876760,673359490,815640347,856862380,625384870,512185699,262533155,147585940,1114678332,2643,14209,25608,32933,38924,56271,64754,64356,44671,33608,15850,8841,33536
4278,11453640,666526405,558311992,473732763,548035912,695606775,873989207,1030868044,852847555,843168880,483968110,378741710,1620167114,3104,52280,46703,35823,35972,41681,49190,56083,43160,36530,19616,14093,37338
4279,10940760,961960804,400289430,312771995,271230600,362182790,381929740,509795238,454709625,386516960,186046100,143437540,1969180617,2341,77028,33571,27260,22661,28349,28568,35631,29735,24427,10844,7687,33104
4280,14196130,370476130,260144630,222509582,268253660,372159540,339047630,396025600,401089250,336856881,182869380,149671210,1090741940,2255,28762,22914,19298,20441,25579,22418,23931,18087,14075,7027,5105,18338
4281,6207520,511113272,410960162,308816640,400574970,480824030,564310920,629775920,547549750,503749010,283173580,162004980,1305526884,1241,40248,34030,25911,30556,34233,36641,39338,31408,24735,13216,7332,30564
4282,5735720,429263689,485285910,482276027,602943201,781237582,708148368,714740438,547176450,449980760,251943210,133328600,1540486821,983,42192,50644,47648,55777,68837,59039,56328,38144,28538,15009,7808,45280
4283,11245820,364068454,793789880,902323640,939176260,1222077036,1185708674,1261899658,1086340602,921518220,440597940,389621420,1494002277,1834,35895,69468,73003,70401,85310,79078,77690,58431,44782,22909,16422,55288
4311,621559768,9617290230,19403598435,21440987945,24478062414,29687246209,29062886334,30086109074,22391944375,17559621646,9770713619,8467464769,27941967653,130397,1225993,1879219,1659818,1643248,1826029,1713608,1679911,1189170,883003,482345,408620,780064
4313,168742985,2667977329,4354674897,4490250394,5184933023,7428962977,8712491546,9808296167,8072733513,6361026147,3677543750,2755872589,17378292830,34668,318477,398793,319282,316109,395436,425892,420585,322855,227360,121556,92274,225666
4315,61723910,1414071027,2308981237,2280321535,2646929190,3787100818,4003199938,5014699984,4054728803,3365707795,1862304785,1306924413,4932783253,11645,171772,223386,188248,189875,235529,235134,258106,195599,148752,81097,53563,152182
4372,6836500,106291591,221778030,255918970,350017530,441569390,444982579,636010302,606852364,569253662,284111519,226435085,1033852107,1394,12151,18678,20714,26406,30144,29651,35915,31939,29875,13194,10929,24021
4373,23317280,266772470,488243269,524703194,822997840,1114745821,1240993230,1412551681,1109336380,987823447,544089777,519735001,1919751479,5490,32981,43758,40013,52945,68493,72632,72842,49695,41693,23074,18374,48227
4374,5716360,186877080,347666480,304041139,341636850,488634101,664627670,838052583,642671650,524719910,338851501,255310200,1047006756,1012,22519,31415,24018,21310,28799,33932,38244,27636,21361,13257,8741,19150
4375,31240410,890125960,2280057844,2867898340,3207581199,3562531187,3411994731,3767225043,2739209458,1872420706,996534040,570984570,4776811048,5998,102697,224087,235650,228150,242866,211399,195022,136908,88152,43031,26305,148312
4376,1857380,184903080,214084650,217420823,277177310,386097805,414659862,553113935,519932438,595290301,291600350,221644630,784453771,311,28389,21090,13779,16091,22655,24625,28561,24249,23784,11168,9294,15397
4377,39987880,1185867600,3186589770,3929055107,4301481329,5083339840,5374749880,6302353407,5302461988,4011677293,2201645576,1481641539,17434167559,6981,122136,247586,262789,266971,281112,268932,277575,209618,145028,70435,44939,278837
4378,11967450,366636700,602574093,677667174,761612045,1089198494,1036859800,1176407240,947051623,789791290,399462930,279735360,1372876330,2095,40655,56508,55577,58012,71891,65408,64825,49644,38223,17631,12140,41145
4380,10544550,155301100,350924099,391528371,468228970,642443810,660449697,777367546,601087297,481564080,232236298,160566001,875792943,1885,17051,30152,32929,38926,50366,51625,54262,40023,30078,13821,8695,39620
4413,578677332,13256516342,26254410229,29216515726,29373592467,31632261224,28506170387,27673997819,19769042214,14255813909,6289390349,4940313110,37581713142,120566,1441746,2277532,2070349,1932613,1945122,1627490,1499798,1033568,706053,315690,237305,1067775
4415,49266540,908018800,1320634534,1273889069,1489479999,1863629290,2095525667,2628304910,2004850352,1619839765,864753223,746757090,3336612333,11513,126419,139603,105182,113321,129726,133503,146956,104060,77700,39677,32902,86276
4418,44497400,992571399,1787654817,1894599810,2164136382,2765534770,2802524168,2853659436,2192144170,1653825864,817245324,595798535,3307738983,7921,112291,166069,160003,163300,199429,193474,180574,124836,87803,40121,26876,131402
4420,251687548,4738730744,10604124002,14469171810,17323916521,20868625483,17390693706,16253260755,11281070380,8186320919,3951434798,2917720747,19548902193,58542,588412,1019367,1129067,1226336,1342506,1034855,919766,588664,391712,180219,132745,630891
4421,67655717,1529510997,3176633596,3768239228,4282850943,5102678658,4802308587,5026696224,3597666404,2501891868,1153954530,813277229,4841735608,13245,179844,305975,312488,316350,346115,307787,298819,200183,130788,56522,41293,169880
4423,152346320,1130495179,1583668180,1571964768,1611122110,2140677818,2321795365,2464061104,1883870826,1537974000,845650294,641346931,2669326040,33396,139109,160516,129022,126006,152646,158666,155079,112073,80872,41537,30628,73235
4425,23119740,381607312,249895070,180601649,253251594,368544946,439742856,485750198,293617769,192381599,93774813,77272595,332458762,6512,51365,31715,19761,25591,34822,38762,42371,23348,15773,7788,5501,15750
4427,81999550,1653540745,3166924967,4109428422,5029789167,6495872029,6229106338,6106789214,4687727603,3387468397,1581308950,1051455414,6389660278,16012,203954,301083,350491,383555,452058,407691,366833,255991,176403,75215,51380,229190
4471,9348400,295273830,495993530,517969760,668698920,883164840,979973116,1157479147,981895040,941069658,533860365,382419650,1994393096,2236,35302,40856,33627,42325,53318,55924,61541,47137,40507,20471,16154,45250
4476,9425720,147103503,329537897,333733975,392032250,489254475,622479071,774960874,622976161,531871409,258612725,200473589,1430141950,1890,17663,30975,27054,27715,30819,36009,41160,28347,21808,10660,8196,27177
4477,18862300,158063930,387891628,442155944,608576308,885465305,956683360,1143654926,908868598,750559355,412237708,313484188,1589133134,3201,17467,34738,34900,44984,61463,64079,69021,49680,37208,19160,14022,44130
4479,8300280,111406960,160773623,131814708,189848670,230538570,300725870,338607050,272700880,215438905,115705395,55498500,474182475,2029,18665,16553,11844,14535,17912,21726,20172,14985,11248,5404,3082,12903
4480,43816370,849558540,1266868978,1527947223,1856371898,2319590127,2442583731,2531972331,1767832863,1343844009,636478037,464068990,2430326973,9099,119032,114500,103960,116441,128809,140442,129303,83698,57182,27556,19070,60564
4481,28005280,370062352,852990657,961251790,1193490957,1502756823,1650034016,2002436075,1527184233,1285933584,642929058,487967288,2037036043,6571,46794,86136,88471,100413,118341,121686,130691,91538,72291,35340,24128,93944
4482,23669000,537592390,1223720021,1551991380,1909258672,2684101978,2487672328,2593698105,2215195792,1900810211,971983756,742135209,3974363103,4224,53174,102827,117865,130662,173153,145557,136645,98304,77562,39443,28529,107723
4511,814407137,11037374727,20114898826,20419140607,24096759732,32788114124,36845507920,39982609759,29363456100,22303963398,12280215052,10622641024,30011318244,153991,1415846,2074727,1614969,1615051,2047480,2245580,2292761,1602174,1177777,650022,566212,774795
4513,197217180,3241567049,5363991550,5516729067,7460083768,10064460216,10335320357,11514385092,7998861359,5981483825,3082648886,2270769802,12699197942,35399,393143,511537,435273,505082,626851,623941,652338,424357,300134,147820,109411,347516
4514,165808215,3951068395,6247382387,5833216735,6549806943,8398722250,9930971530,10997829508,8673950404,6907355443,3504951442,2917254162,12288135763,32207,494648,600539,440073,431973,501405,563952,595208,448271,330064,170310,140292,389503
4518,50810150,765259682,1554434324,1574860343,2030831884,2656309682,3186343869,3435094213,2795633516,1965709608,1099298812,936160749,4536164270,9581,91894,140151,117822,134370,164802,179807,183160,130906,91635,47512,42335,99631
4519,29545800,380871697,621413065,765479818,980253565,1397899566,1626186189,1937701483,1410638721,1137432866,489642315,391516492,2241163448,5718,45787,59061,62155,69896,92364,98168,106313,67698,47153,22413,15643,52591
4521,24640250,340452440,760526961,856476765,1248620450,1649475265,1760753059,2004834001,1563475368,1245152078,634490973,443177170,2191904142,4572,38683,71166,67149,88267,103991,107378,115777,80685,57686,30056,20371,63170
4571,47222010,831664449,1341929960,1662458683,2111253611,2925586833,3083365007,2712120939,1868759954,1414681735,715825895,519715981,3324396552,8642,110247,143149,145543,163152,210192,209581,180600,120251,86623,43684,30182,118766
4572,7082340,44317680,98808180,86142980,140355202,218867429,272243533,339485253,298758785,231396057,110594680,106138196,368817700,1238,5515,7997,6583,9529,14309,16316,17822,13725,10941,4735,4440,10329
4573,10085130,99484480,176875960,198678510,233643750,372051900,422706460,415884167,366715940,270433797,127228210,72385200,941184732,1912,12222,18896,20821,23667,32860,36929,32076,25040,17827,7635,4335,29451
4574,5404565,30794210,65378520,70508670,85511220,127364470,129922350,140009450,126634895,71565970,26746550,23616310,138098260,960,3982,6909,6768,7636,10836,10455,11082,8058,4706,1705,1378,6296
4575,4825401,90315140,92686330,122060344,146636110,236537361,288433670,372259783,324751946,257066598,151312326,108306050,517341670,943,8066,8598,9302,11513,15882,18023,21639,17733,12866,7915,4982,12717
4577,9347440,66139882,98588230,140672970,197073250,298693840,367708455,402834884,309948440,278243261,105162175,92864474,798603563,1736,7373,9116,12738,14685,20249,23956,23876,15588,12540,5926,4597,16160
4579,14309970,155483034,369244780,460373110,608144660,878814211,1019804080,1230446482,1003087590,870586287,386783988,307430477,1938334490,2819,19406,37573,42303,50651,64652,72370,74510,56664,43185,20911,15757,77190
4580,30319480,227427771,407658122,562304934,827089632,1233595322,1263465030,1491074430,1126771622,925736115,528241330,336151227,2223838320,3890,21940,31851,39692,51388,69933,70631,75159,49165,39887,20999,14905,44359
4611,172547554,2748024191,5084090184,5115643337,7279462029,10587080793,10546023161,10441343672,8040440408,5904801708,2712165931,2050587867,10639316963,26711,314667,455157,376465,466444,617405,579813,540412,375155,249948,120820,92890,244846
4613,242990378,3214575772,6526535275,6749120864,8111650987,10952826270,11129719862,12284956181,9003153917,6454100614,3202875009,2461989113,13285798067,47687,349430,600410,542146,570585,697810,658027,663190,458875,311257,150345,113916,346501
4615,165626520,2729745649,5606767756,5803981819,6772131065,9259573883,9892063833,10693560565,8257476264,5493639515,2521632017,1870881711,11807602262,36345,343577,530269,442307,440961,534662,526129,518032,377274,241015,107114,81994,272533
4617,49251950,750002293,1452720111,1785028963,1882720197,2528909884,2169802313,2145186213,1367439783,903279340,409633456,308938010,2850553558,10046,98004,155893,154643,149241,178759,149537,136771,79366,50272,22849,16554,89136
4623,115388150,1065192685,2780793894,3147311979,3688128693,5166727463,5046208230,6447676029,5515455954,2984181278,1266055344,714226961,7636359086,22720,128246,272698,255106,261276,320485,302938,329712,262856,139657,57613,36013,202716
4671,9473820,190136280,444128369,441785456,518197507,671352499,642141846,727412722,606955289,517493030,227347785,194432660,1461898032,1519,19810,35316,33088,35991,42952,37748,43914,30866,24462,10871,7411,34030
4672,5799940,107875240,89545470,80077904,106247610,160128824,220185430,250414540,189562262,131364960,70734701,52586198,293651920,1282,16291,10801,7849,9543,12995,16491,17381,12601,7476,3580,2719,11335
4673,2247790,63194722,106364630,139572460,181166467,270687460,309053723,481820960,399172622,300654420,125407440,89685440,654672569,665,6498,9120,10918,12185,18420,17851,25322,18850,12808,5494,3809,12564
4677,18417440,159930460,437444120,415671720,600394470,988253370,1195330606,1374709752,1087219019,836790470,406927995,338309370,1554893800,3849,16459,31385,27583,38126,55684,59942,64708,43944,33442,15845,13229,34235
4678,8189900,99006268,188405930,248616590,358645189,520626302,620754918,786209115,693188427,566965616,281475367,245198771,1031434350,1734,10211,14434,16803,22984,28710,31282,36454,28841,22420,11250,10116,22786
4679,17389040,341175560,661951661,566145520,752504046,1099710401,1381825572,1655597209,1372414655,897499355,392953368,352223370,1444937208,3458,50073,70778,49644,56210,72505,86894,92627,71837,45505,20141,16763,42989
4680,19282310,132269820,250091272,308332891,347822250,575269700,577221745,782773681,692021490,504437980,267059170,221103840,1232917924,4668,16063,22575,22479,22821,33871,31813,37586,27600,19764,10499,8995,17457
4681,13354840,142680050,207341210,209790740,295530996,455563250,512095324,641205340,506289841,381485489,161140330,138740090,1091284654,3199,14302,18771,15477,20559,28194,30063,32952,24136,16891,7541,6349,21240
4682,25459540,294256570,519630620,565481306,853502150,1255539454,1203832761,1414225422,1054493098,718999720,357583040,227156270,2044725800,4164,30237,38200,37838,50720,68648,61333,62494,43081,28169,13284,8107,38042
4683,19069280,676596096,1016849921,1173968441,1562971194,1822211479,1633973283,1595840310,950889553,565068659,195875040,116792235,1514124268,3930,78910,94300,96267,119290,134007,114692,107648,63449,34777,12406,7698,51261
4684,46501830,856080830,1139953845,1170089396,1782197705,2660150028,2387323645,2289766861,1318971302,857662819,351368100,318713770,2919200692,9438,122265,122820,94572,122624,163868,141998,125594,68578,42984,17610,15375,72840
4686,3520060,52584370,58445690,87720500,93134339,126370460,145266380,166447600,108852880,87688170,40097790,27708750,384522232,757,5002,6204,7124,7013,9004,9945,9632,6123,4329,1753,1443,6992
4687,27376290,227286859,522571904,583458150,732313474,1010738315,1150607994,1304141883,1100059580,765900525,363916601,280725330,2073470845,5788,24211,39110,42188,46458,58146,61200,58285,42669,27895,11609,9760,38861
4688,5376230,169744068,264298105,275138910,307347894,488896602,477813330,496311292,358141489,242989953,97621820,97033332,682864030,1152,20079,28968,28951,28349,39720,39515,36818,25307,16107,6220,5588,31259
4689,22766390,193262210,469558790,461701430,710139410,1087510232,1140980324,1430897360,1049857369,851432707,324359965,198693690,2157906755,4920,21007,37622,31490,41705,56752,59117,61628,40322,29209,11358,8055,45694
4690,9269110,114477790,248527522,266358319,366072584,549875710,659270790,698875981,506360906,458455150,164015672,110178400,723116800,1670,9914,17432,16357,19877,27621,29848,27111,20393,14332,5513,4462,16406
4691,4322020,40497990,79999659,113813440,196959720,292097720,263323960,372581750,335143536,262084736,113504750,85449490,573599765,619,3177,4887,6797,10153,14502,13128,16153,14279,10414,4847,3735,12007
4711,454923333,8089374235,12361534798,12993262185,14679216177,19660304922,18680791261,20359390281,16092358528,13141442648,7126516636,4780331765,25051435620,91587,900721,1187323,988995,988583,1203108,1086581,1107381,801534,618299,327996,222072,618911
4713,118936158,3440979073,7058967919,8289444396,9073223515,11173054152,11904333314,13853267217,11867264923,9004324354,4579061790,3008657746,28082317715,20976,363935,603287,607359,597636,655949,601803,592374,449289,311652,157917,106782,487790
4715,40801240,882112623,1977651844,2280164674,2563770948,3268433692,3211597514,3659456228,2800369462,2017782474,971917130,817116809,4261558229,7950,113776,180108,161942,160772,189746,172473,182181,123327,88546,43768,38196,106152
4717,74650000,1268040610,2035062373,1879411257,2219539665,3152601787,3526576522,3814217678,2964880532,2180468830,1240806466,962430264,4502984406,18224,178814,225454,165726,168457,216729,222215,221402,151221,105961,57115,48740,109543
4719,399397230,5277725222,11839478363,13815011791,15869176586,18768141619,17630512523,17954774950,13148361518,9398992128,4276892473,2760492128,19892194067,91795,717709,1197655,1121306,1108407,1215501,1064975,1013032,692938,469444,217498,142253,585862
4721,29323530,754675950,1119006421,1059880425,1217376507,1800051577,2125604370,2435852610,1933334994,1552756147,829483463,684142403,2672275342,6380,104345,111170,83360,80488,108160,112391,118378,80709,61611,32236,27378,73120
4723,48647585,675893761,1489865705,1810670068,2086865162,2657568215,2783653950,3234004072,2928539831,2299842341,1250894954,1105883820,4205959691,9801,73626,133108,136046,139431,167375,166553,174577,143221,104339,58374,44449,119760
4725,15045080,515235900,769612750,876278660,1390590759,1990751837,2313350347,2708145105,2212217171,1976036897,1021967703,805945309,3559285445,2981,66833,75081,68840,89163,112378,119435,128942,92587,72452,38753,30487,71288
4728,23522780,265685200,489970897,545566364,751277440,1049938364,1043345978,1284253848,1154590231,931972024,499276920,397172500,2209338706,4327,34076,51602,48007,58206,77237,70885,77176,59115,43814,22778,16879,51610
4729,256754625,8292753463,9629674292,7879339167,7686631749,9789995986,10825090398,13075711929,10464706785,8143984276,4476515091,3916071323,15474036542,58092,1194711,1153796,725685,620195,692071,705761,806548,585574,424154,230798,201633,450573
4772,1645730,49273700,143138650,185832910,238701545,262017980,334926150,376677397,359968260,314615523,168093660,99406460,736194580,320,5228,13384,17995,20184,22543,27679,30802,27443,20979,10395,5830,32929
4773,5927521,56803100,139998930,211939260,295702009,363083206,418273690,497033470,464981780,394773863,259260600,149416193,1174385058,793,5585,12969,16596,20710,22560,23944,28341,24852,19904,11224,6996,20843
4775,5124640,44510940,94480150,97036300,159055160,226900130,258219960,369289574,356437860,333497910,157571550,106017980,661899675,555,4454,8072,6857,8937,12871,13078,16735,14086,11114,5600,3659,11138
4776,529190,21249640,59475770,76043790,92841358,156614750,147958560,238201280,231288750,154251660,68962950,53021050,458875540,122,2396,5695,6040,7338,10057,9610,12817,10085,6305,3703,2197,8124
4777,12167650,154977470,400917780,446711800,607726038,924810193,993642071,1191768524,980197058,771431567,417784770,292253260,1842638271,1945,15920,33384,35633,43934,63808,61937,64905,49473,35803,19609,13227,44735
4782,11003350,128797960,230606160,321310510,424866850,648777270,627328390,719986386,690078740,648661714,406922030,346190504,1092461086,2524,12603,18083,23651,26290,35463,35016,41007,32026,28671,17716,14152,32252
4783,12049440,190072040,568058700,740119439,751638670,840492518,999724285,1073262345,914221320,864408798,432708760,390126030,2042827705,2542,18114,40427,45913,49842,57258,68100,67006,55046,46350,22819,19281,60155
4784,14063390,186719514,422107082,522893980,482924730,494787580,495442029,528474960,462969920,334216650,156528748,98639950,965302341,3223,20629,37146,45782,38406,40621,37566,37895,31061,20015,10290,5758,43550
4785,69748380,1122052625,2614626387,3233264182,4084711172,4764158409,4729895933,4750789365,3611000563,2539572907,1157774550,785316686,5925669219,16777,145738,264302,276937,326333,357519,340254,310707,206051,129321,58166,37782,215399
4790,11937540,140781470,304286415,320599845,382374840,619853870,608137089,691722696,594033487,493255847,299317825,231064400,1042247778,2113,17629,26541,26793,28743,42346,39790,39016,29744,23117,12824,10098,28604
4792,3730230,30365140,87862004,100022920,143369450,242691443,331352286,443279440,356852371,357356180,197354404,168711576,584037360,760,2705,6526,6540,7968,12671,15779,18052,15088,12955,7194,6668,12227
4793,23897780,199315488,506589461,573356689,694760367,1056501581,1199715047,1413635822,1077512902,958803440,506066090,266322895,1733295946,4456,19675,44770,44538,49386,71356,72269,72623,52447,41619,22229,12489,38927
4794,2249310,56490110,101455370,136287140,166183080,231944240,284928080,397332405,284828720,238902320,112889380,71370344,894796635,357,6203,8977,12011,12955,15400,18272,22825,17524,15269,6859,4467,16368
4812,964421047,15086639316,27918527368,31844713128,35605202651,46916130225,48565433962,54209549853,43345533534,34056100494,17010962295,11915211500,70619309008,207203,1783154,2606948,2352097,2367265,2912753,2779730,2984795,2201649,1679002,847291,574612,1801329
4817,164919769,4048118117,7226047106,7800860200,8562102667,11258593881,10658259177,11298322421,8316502821,6438450330,3134003507,2507402896,14140681168,34984,556279,699622,551441,521898,615510,581458,584589,387069,283987,134976,107608,372939
4822,100529010,823582945,1513285497,1946952579,2791685801,4333155581,4515044813,4915226736,3552196448,2943527191,1579742769,1023185453,5056867821,21282,100229,145669,162501,207013,298372,279612,271017,184441,136667,71312,50075,128811
4824,24306010,594360387,1471138714,1964346785,2394284908,3432519578,3430723525,3459715760,2323844048,1772026941,829884234,589453775,4004304036,5875,72826,146201,168007,178464,229915,215126,194140,121324,81968,37284,24171,115415
4825,322917937,5885503521,11895308474,14237889694,17218907116,22988759125,23738088696,26448497543,19705485501,14237747384,6735999387,4837758425,33232889335,68243,778326,1193941,1118209,1180852,1461458,1403844,1444592,991677,663765,302828,212804,1016776
4827,29115680,523592260,1318465256,1584221321,2084260672,2661473428,2512572743,2973862705,2776349421,2263995638,1431032868,983581627,4138090876,6250,61344,112055,116534,141391,164915,144861,161357,131294,102751,58282,40998,118831
4831,107570300,1432043864,2820229870,3790547461,5883295285,8003500980,7887847005,7609862793,4581363396,3267869401,1575822377,888522355,5792312687,21693,181779,286011,337062,475181,603589,556522,517885,292466,187653,83469,48120,198330
4833,359828215,3829008808,8201220936,10662873864,12903034136,17562979261,16930769403,18652790170,15488437857,12695106244,7072931483,5686824452,22418378228,77852,480016,743781,773240,810579,1006732,929766,939622,684297,536493,289483,231474,613482
4872,1899150,60206180,99070830,133985870,176531860,208295450,226730200,323942530,219822970,158311920,60092790,39933980,272575430,429,8156,10406,12965,14467,16804,17628,20232,12442,7792,3464,2351,11560
4873,27770690,518301140,1245058436,1692581873,1860643931,2268498047,2369844050,2662179332,2060919851,1807175419,860444809,529292020,4591612744,5580,59137,102096,121351,128717,156350,153836,159583,113172,87255,42785,24516,159018
4874,19132860,301441355,963314080,1101858600,1292961585,1625984022,1575615223,1840942368,1570176452,1406770780,777359110,503808390,2745805902,3577,28087,68039,73567,76311,95141,86986,95165,76113,60524,31937,20205,72825
4882,20418810,182779050,330048170,412218080,627351500,912542280,889830783,966623325,748754991,548710892,264577840,179416202,1029513660,3827,22616,34343,37572,53729,74346,71045,68795,45966,31298,14433,8959,40260
4884,26057670,233189148,507955209,680121646,857898514,1282265365,1390394852,1965455031,1526609848,1373191522,742996572,561066370,4246499966,5650,24348,40961,43740,48800,68790,70001,80931,54530,45698,23432,18547,58048
4885,2772510,106086370,238250073,281532650,340597620,498606400,571408915,764711598,655685881,530346946,242849580,197360216,1360928567,595,11363,20950,22525,25332,32996,34955,42434,32807,25442,11536,9306,32675
4886,3840490,58316800,160826466,251684370,274443422,369203500,439971438,571376932,493131125,447666710,251484619,186875956,1106952200,782,6223,14273,19410,19082,23578,25151,30253,22991,19253,9767,7448,27646
4887,6111670,97115910,239887790,291089732,371189180,567432100,680167460,862512532,692093026,524600705,283179090,202534600,1295113650,1085,10489,24835,25499,28582,40806,44115,50609,36831,27319,13604,9085,44348
4888,35657800,366999110,544550165,517700510,678892026,974804905,977598690,1355211444,975070719,905428000,440055210,388765595,2537304888,8590,53377,54582,38873,44982,60894,58559,69426,45078,37063,16944,13185,44561
4889,6971030,77764800,146903340,152445690,197245810,333878370,320834012,466637800,401477470,345959207,180030420,138179960,1250028790,1510,8571,13238,13703,15268,22726,20847,26997,19719,14726,7184,5209,20742
5011,438609680,8033335927,17813610110,19897719753,22613277284,31120149908,32748821497,35981930441,25993595262,18867933243,10457453661,9511586794,68852119511,81158,875314,1507396,1411361,1373547,1708121,1679926,1730754,1194881,801549,428991,377759,1397636
5013,134282851,2399879114,5305985140,6504656105,7872361523,11412753223,12178904075,13286813011,10687882624,8641183817,4543961337,3859698091,32884770855,22867,253591,464355,472954,493844,632855,597736,607862,430845,308549,160907,133417,551938
